{"cameraMode":{"drawMode":0,"name":"Shaded","section":"Shading Mode"},"sceneLighting":false,"audioPlay":false,"sceneViewState":{"showFog":true,"showMaterialUpdate":false,"showSkybox":true,"showFlares":true,"showImageEffects":true,"showParticleSystems":true},"in2DMode":false,"pivot":{"x":-1.0792595148086548,"y":-20.80455207824707,"z":21.744943618774415},"rotation":{"x":0.6406577229499817,"y":0.008061788976192475,"z":-0.006727105006575584,"w":0.7677578926086426},"size":126.2502670288086,"orthographic":false}