{"cameraMode":{"drawMode":0,"name":"Shaded","section":"Shading Mode"},"sceneLighting":false,"audioPlay":false,"sceneViewState":{"showFog":true,"showMaterialUpdate":false,"showSkybox":true,"showFlares":true,"showImageEffects":true,"showParticleSystems":true},"in2DMode":false,"pivot":{"x":-0.42199909687042239,"y":4.987829208374023,"z":-3.0223445892333986},"rotation":{"x":0.10946477949619293,"y":-0.6944796442985535,"z":0.1081591472029686,"w":0.7028638124465942},"size":15.722992897033692,"orthographic":false}