{"cameraMode":{"drawMode":0,"name":"Shaded","section":"Shading Mode"},"sceneLighting":false,"audioPlay":false,"sceneViewState":{"showFog":true,"showMaterialUpdate":false,"showSkybox":true,"showFlares":true,"showImageEffects":true,"showParticleSystems":true},"in2DMode":false,"pivot":{"x":28.248884201049806,"y":5.612204551696777,"z":14.445517539978028},"rotation":{"x":0.290708065032959,"y":-0.3243042230606079,"z":0.10545855760574341,"w":0.8939822912216187},"size":147.50164794921876,"orthographic":false}